яндекс скачать видео с ютуба,1095,yandeks_skachat_video_s_youtube
ютуб скачать видео с ютуба найти,174,youtube_skachat_video_s_youtube_naiti
ютуб скачать видео с помощью,1067,youtube_skachat_video_s_pomosczu
ютуб 27 видео 2019 скачать с торрент,10,youtube_27_video_2019_skachat_s_torrent
чтобы скачать видео с ютуба нужно,171,chtoby_skachat_video_s_youtube_nyjno
чтоб скачать видео с ютуба,230,chtob_skachat_video_s_youtube
хочу скачать видео с ютуба,66,hochy_skachat_video_s_youtube
хот перевод переозвучка скачать с ютуба видео,13,hot_perevod_pereozvychka_skachat_s_youtube_video
фром нет скачать видео с ютуба,323,from_net_skachat_video_s_youtube
флешмоб пдд скачать бесплатно видео с ютуба,6,fleshmob_pdd_skachat_besplatno_video_s_youtube
утилита скачать видео с ютуба,19,ytilita_skachat_video_s_youtube
установить помощник как скачать видео с ютуба,17,ystanovit_pomoscznik_kak_skachat_video_s_youtube
уроки кирюшина скачать видео с ютуба,5,yroki_kirushina_skachat_video_s_youtube
уральские пельмени скачать видео с ютуба,48,yralskie_pelmeni_skachat_video_s_youtube
уву скачать видео с ютуба,7,yvy_skachat_video_s_youtube
трейлер запутанные чувства скачать видео с ютуба,11,treiler_zapytannye_chyvstva_skachat_video_s_youtube
таркан ела скачать видео с ютуба,7,tarkan_ela_skachat_video_s_youtube
способы скачать видео с ютуба,182,sposoby_skachat_video_s_youtube
спаривание собак скачать видео с ютуба,6,sparivanie_sobak_skachat_video_s_youtube
сохранить скачать видео с ютуба,402,sohranit_skachat_video_s_youtube
со скачать видео с ютуба,442,so_skachat_video_s_youtube
смотреть скачать видео с ютуба,721,smotret_skachat_video_s_youtube
смотреть онлайн скачать видео с ютуба,285,smotret_onlain_skachat_video_s_youtube
смешарики скачать видео с ютуб,50,smeshariki_skachat_video_s_youtube
скачивать музыку видео с вк и ютуба,173,skachivat_myzyky_video_s_vk_i_youtube
скачивать видео с ютуба через хром,49,skachivat_video_s_youtube_cherez_hrom
скачивать видео с ютуба фаерфокс,35,skachivat_video_s_youtube_faerfoks
скачивать видео с ютуба расширение для яндекс,265,skachivat_video_s_youtube_rasshirenie_dlya_yandeks
скачивать видео с ютуба расширение для хрома,116,skachivat_video_s_youtube_rasshirenie_dlya_hroma
скачивать видео роликов с ютуба бесплатно,25,skachivat_video_rolikov_s_youtube_besplatno
скачивать видео прямо с ютуба,88,skachivat_video_pryamo_s_youtube
скачать ярик лапа видео с ютуба,22,skachat_yarik_lapa_video_s_youtube
скачать ютуб с закачкой видео,47,skachat_youtube_s_zakachkoi_video
скачать ютуб видео музыку с вконтакте,57,skachat_youtube_video_myzyky_s_vkontakte
скачать чужое видео с ютуба,37,skachat_chyjoe_video_s_youtube
скачать часть видео с ютуба онлайн,35,skachat_chast_video_s_youtube_onlain
скачать фрагмент видео с ютуба,297,skachat_fragment_video_s_youtube
скачать фрагмент видео с ютуба онлайн,19,skachat_fragment_video_s_youtube_onlain
скачать фнаф видео с ютуба,83,skachat_fnaf_video_s_youtube
скачать фильм склифосовский видео с ютуба,7,skachat_film_sklifosovskii_video_s_youtube
скачать файл видео с ютуба,43,skachat_fail_video_s_youtube
скачать установщик видео с ютуба,6,skachat_ystanovsczik_video_s_youtube
скачать топ видео с ютуба,82,skachat_top_video_s_youtube
скачать титры с видео ютуба,9,skachat_titry_s_video_youtube
скачать теги с видео ютуб,12,skachat_tegi_s_video_youtube
скачать страшное видео с ютуба,40,skachat_strashnoe_video_s_youtube
скачать смешные видео с ютуба,229,skachat_smeshnye_video_s_youtube
скачать смешное видео с ютуба бесплатно,111,skachat_smeshnoe_video_s_youtube_besplatno
скачать слайм видео с ютуб,52,skachat_slaim_video_s_youtube
скачать скачку видео с ютуба,349,skachat_skachky_video_s_youtube
скачать скачиватель видео с ютуба,9,skachat_skachivatel_video_s_youtube
скачать сжатое видео с ютуба,12,skachat_sjatoe_video_s_youtube
скачать с ютуба русское видео,1578,skachat_s_youtube_rysskoe_video
скачать с ютуба русское видео бесплатно,1283,skachat_s_youtube_rysskoe_video_besplatno
скачать с ютуба песни видео сергея паради,5,skachat_s_youtube_pesni_video_sergeya_paradi
скачать с ютуба одним кликом видео,87,skachat_s_youtube_odnim_klikom_video
скачать с ютуба ограниченное видео,105,skachat_s_youtube_ogranichennoe_video
скачать с ютуба длинное видео,26,skachat_s_youtube_dlinnoe_video
скачать с ютуба видео человек,222,skachat_s_youtube_video_chelovek
скачать с ютуба видео х,37,skachat_s_youtube_video_h
скачать с ютуба видео физиология труда,10,skachat_s_youtube_video_fiziologiya_tryda
скачать с ютуба видео урок коникотомии,8,skachat_s_youtube_video_yrok_konikotomii
скачать с ютуба видео стихи,67,skachat_s_youtube_video_stihi
скачать с ютуба видео россия бесплатно,74,skachat_s_youtube_video_rossiya_besplatno
скачать с ютуба видео про осень,19,skachat_s_youtube_video_pro_osen
скачать с ютуба видео по ссылке бесплатно,1318,skachat_s_youtube_video_po_ssylke_besplatno
скачать с ютуба видео плееры,34,skachat_s_youtube_video_pleery
скачать с ютуба видео папа купил автомобиль,36,skachat_s_youtube_video_papa_kypil_avtomobil
скачать с ютуба видео памяти марка захарова,6,skachat_s_youtube_video_pamyati_marka_zaharova
скачать с ютуба видео открытки бесплатно,47,skachat_s_youtube_video_otkrytki_besplatno
скачать с ютуба видео остров сокровищ rytp,6,skachat_s_youtube_video_ostrov_sokroviscz_rytp
скачать с ютуба видео ожирение и клиника,5,skachat_s_youtube_video_ojirenie_i_klinika
скачать с ютуба видео о мамах,14,skachat_s_youtube_video_o_mamah
скачать с ютуба видео на телефон андроид,16979,skachat_s_youtube_video_na_telefon_android
скачать с ютуба видео на компьютер бесплатно,7828,skachat_s_youtube_video_na_komputer_besplatno
скачать с ютуба видео для начинающих,26,skachat_s_youtube_video_dlya_nachinausczih
скачать с ютуба видео выпуск квваул 2019,5,skachat_s_youtube_video_vypysk_kvvayl_2019
скачать с ютуба видео в формате mp3,337,skachat_s_youtube_video_v_formate_mp3
скачать с ютуба видео бесплатно клипы,452,skachat_s_youtube_video_besplatno_klipy
скачать с ютуба аудио без видео,55,skachat_s_youtube_aydio_bez_video
скачать с ютуб видео фильмы,528,skachat_s_youtube_video_filmy
скачать с ютуб видео поздравление мужчине,27,skachat_s_youtube_video_pozdravlenie_myjchine
скачать с ютуб видео жесткое задержание мошенников,6,skachat_s_youtube_video_jestkoe_zaderjanie_moshennikov
скачать с ютуб видео день народного единства,99,skachat_s_youtube_video_den_narodnogo_edinstva
скачать ржачное для взрослых видео с ютуба,6,skachat_rjachnoe_dlya_vzroslyh_video_s_youtube
скачать расширение для скачки видео с ютуба,9,skachat_rasshirenie_dlya_skachki_video_s_youtube
скачать расширение для скачивания видео с ютуба,114,skachat_rasshirenie_dlya_skachivaniya_video_s_youtube
скачать прогу для скачивания с ютуба видео,248,skachat_progy_dlya_skachivaniya_s_youtube_video
скачать програму для скачивания видео с ютуба,18,skachat_programy_dlya_skachivaniya_video_s_youtube
скачать программу чтобы качать видео с ютуба,16,skachat_programmy_chtoby_kachat_video_s_youtube
скачать программу скачка видео с ютуба,226,skachat_programmy_skachka_video_s_youtube
скачать программу просмотра видео с ютуба,10,skachat_programmy_prosmotra_video_s_youtube
скачать программу для сохранения видео с ютуба,12,skachat_programmy_dlya_sohraneniya_video_s_youtube
скачать программу для скачки видео с ютуба,218,skachat_programmy_dlya_skachki_video_s_youtube
скачать программу для скачивания видео с ютуб,4496,skachat_programmy_dlya_skachivaniya_video_s_youtube
скачать программу для копирования видео с ютуба,24,skachat_programmy_dlya_kopirovaniya_video_s_youtube
скачать программу для записи видео с ютуба,118,skachat_programmy_dlya_zapisi_video_s_youtube
скачать программу для загрузки видео с ютуба,32,skachat_programmy_dlya_zagryzki_video_s_youtube
скачать программу savefrom видео с ютуба,134,skachat_programmy_savefrom_video_s_youtube
скачать природа видео с ютуб,57,skachat_priroda_video_s_youtube
скачать приложения для скачивания видео с ютуба,902,skachat_prilojeniya_dlya_skachivaniya_video_s_youtube
скачать приложение скачка видео с ютуба,82,skachat_prilojenie_skachka_video_s_youtube
скачать приложение для скачки видео с ютуба,79,skachat_prilojenie_dlya_skachki_video_s_youtube
скачать приложение для загрузки видео с ютуба,18,skachat_prilojenie_dlya_zagryzki_video_s_youtube
скачать прикольные видео с ютуба бесплатно,48,skachat_prikolnye_video_s_youtube_besplatno
скачать прикольное видео с ютуб,102,skachat_prikolnoe_video_s_youtube
скачать предложения для скачивания видео с ютуба,18,skachat_predlojeniya_dlya_skachivaniya_video_s_youtube
скачать превью с видео ютуб,275,skachat_prevu_s_video_youtube
скачать помощника для скачивания видео с ютуба,207,skachat_pomoscznika_dlya_skachivaniya_video_s_youtube
скачать плейлист видео с ютуба,70,skachat_pleilist_video_s_youtube
скачать плагин для скачивания видео с ютуба,15,skachat_plagin_dlya_skachivaniya_video_s_youtube
скачать песню с видео на ютубе,463,skachat_pesnu_s_video_na_youtube
скачать песню из видео с ютуба онлайн,18,skachat_pesnu_iz_video_s_youtube_onlain
скачать песню без видео с ютуба бесплатно,114,skachat_pesnu_bez_video_s_youtube_besplatno
скачать отрывок видео с ютуба,240,skachat_otryvok_video_s_youtube
скачать отрывок видео с ютуба онлайн clip,14,skachat_otryvok_video_s_youtube_onlain_clip
скачать отрезок видео с ютуба,79,skachat_otrezok_video_s_youtube
скачать определенный момент видео с ютуба,23,skachat_opredelennyi_moment_video_s_youtube
скачать описание видео с ютуба,19,skachat_opisanie_video_s_youtube
скачать обложку с видео на ютуб,24,skachat_oblojky_s_video_na_youtube
скачать музыку с видео ютуба в mp3,105,skachat_myzyky_s_video_youtube_v_mp3
скачать музыку с видео ютуб онлайн,53,skachat_myzyky_s_video_youtube_onlain
скачать музыку из видео с ютуба,437,skachat_myzyky_iz_video_s_youtube
скачать музыку и видео с ютуба бесплатно,179,skachat_myzyky_i_video_s_youtube_besplatno
скачать музыку видео с контакта ютуба,24,skachat_myzyky_video_s_kontakta_youtube
скачать музыкальные видео с ютуба,151,skachat_myzykalnye_video_s_youtube
скачать много видео с ютуба,32,skachat_mnogo_video_s_youtube
скачать меме видео с ютуба,42,skachat_meme_video_s_youtube
скачать мелодию с видео ютуб,50,skachat_melodiu_s_video_youtube
скачать майнкрафт видео с ютуба,278,skachat_mainkraft_video_s_youtube
скачать любое видео с ютуба,178,skachat_luboe_video_s_youtube
скачать кусочек видео с ютуба,12,skachat_kysochek_video_s_youtube
скачать кусок видео с ютуба,34,skachat_kysok_video_s_youtube
скачать крутые видео с ютуба,56,skachat_krytye_video_s_youtube
скачать красивое видео с ютуба,208,skachat_krasivoe_video_s_youtube
скачать колумбия англия скачать с ютуба видео,8,skachat_kolymbiya_angliya_skachat_s_youtube_video
скачать кнопку для скачивания видео с ютуба,73,skachat_knopky_dlya_skachivaniya_video_s_youtube
скачать кинофильмы с сайта ютуб видео,17,skachat_kinofilmy_s_saita_youtube_video
скачать какое нибудь видео с ютуба,6,skachat_kakoe_nibyd_video_s_youtube
скачать история россии карамзин видео с ютуба,6,skachat_istoriya_rossii_karamzin_video_s_youtube
скачать интересное видео с ютуба,34,skachat_interesnoe_video_s_youtube
скачать и установить загрузчик видео с ютуба,10,skachat_i_ystanovit_zagryzchik_video_s_youtube
скачать и редактировать видео с ютуба,19,skachat_i_redaktirovat_video_s_youtube
скачать и обрезать видео с ютуба,270,skachat_i_obrezat_video_s_youtube
скачать и вырезать онлайн видео с ютуба,24,skachat_i_vyrezat_onlain_video_s_youtube
скачать и вырезать видео с ютуба,64,skachat_i_vyrezat_video_s_youtube
скачать значок с видео ютуб,17,skachat_znachok_s_video_youtube
скачать звук с видео ютуб онлайн,19,skachat_zvyk_s_video_youtube_onlain
скачать запрещенные видео с ютуба,27,skachat_zapresczennye_video_s_youtube
скачать загрузчик видео с ютуба,339,skachat_zagryzchik_video_s_youtube
скачать загрузчик видео с ютуба на компьютер,21,skachat_zagryzchik_video_s_youtube_na_komputer
скачать загрузчик видео с ютуба на андроид,67,skachat_zagryzchik_video_s_youtube_na_android
скачать загрузку видео с ютуба,95,skachat_zagryzky_video_s_youtube
скачать для скачки видео с ютуба,335,skachat_dlya_skachki_video_s_youtube
скачать для скачивания видео с ютуба,6095,skachat_dlya_skachivaniya_video_s_youtube
скачать детскую игру каравай видео с ютуба,7,skachat_detskyu_igry_karavai_video_s_youtube
скачать детские видео с ютуба,199,skachat_detskie_video_s_youtube
скачать дальнобойщики 1 скачать видео с ютуба,24,skachat_dalnoboiscziki_1_skachat_video_s_youtube
скачать все видео с ютуба мари краймбрери,9,skachat_vse_video_s_youtube_mari_kraimbreri
скачать все видео с ютуб канала,74,skachat_vse_video_s_youtube_kanala
скачать видеоскачать видео с ютуба,15,skachat_videoskachat_video_s_youtube
скачать видео ютуб с экрана,400,skachat_video_youtube_s_ekrana
скачать видео фото с ютуба,60,skachat_video_foto_s_youtube
скачать видео фильм с ютуба бесплатно,133,skachat_video_film_s_youtube_besplatno
скачать видео танцы бесплатно с ютуба,200,skachat_video_tancy_besplatno_s_youtube
скачать видео сунгулар бесплатно с ютуба,5,skachat_video_syngylar_besplatno_s_youtube
скачать видео смартфон с ютуба бесплатно,171,skachat_video_smartfon_s_youtube_besplatno
скачать видео саидмурод давлатов с ютубом,5,skachat_video_saidmyrod_davlatov_s_youtube
скачать видео с ютуба яндекс браузер,478,skachat_video_s_youtube_yandeks_brayzer
скачать видео с ютуба юлика,12,skachat_video_s_youtube_ulika
скачать видео с ютуба юджин,15,skachat_video_s_youtube_udjin
скачать видео с ютуба это жизнь,17,skachat_video_s_youtube_eto_jizn
скачать видео с ютуба эрмитаж,9,skachat_video_s_youtube_ermitaj
скачать видео с ютуба эдисон,14,skachat_video_s_youtube_edison
скачать видео с ютуба шансон,16,skachat_video_s_youtube_shanson
скачать видео с ютуба черный квадрат,6,skachat_video_s_youtube_chernyi_kvadrat
скачать видео с ютуба через,1827,skachat_video_s_youtube_cherez
скачать видео с ютуба через яндекс браузер,171,skachat_video_s_youtube_cherez_yandeks_brayzer
скачать видео с ютуба через торрент,134,skachat_video_s_youtube_cherez_torrent
скачать видео с ютуба через телеграм,18,skachat_video_s_youtube_cherez_telegram
скачать видео с ютуба через ссылку,192,skachat_video_s_youtube_cherez_ssylky
скачать видео с ютуба через сайт,77,skachat_video_s_youtube_cherez_sait
скачать видео с ютуба через приложение,133,skachat_video_s_youtube_cherez_prilojenie
скачать видео с ютуба через оперу,16,skachat_video_s_youtube_cherez_opery
скачать видео с ютуба через гет видео,17,skachat_video_s_youtube_cherez_get_video
скачать видео с ютуба через браузер,240,skachat_video_s_youtube_cherez_brayzer
скачать видео с ютуба через андроид,77,skachat_video_s_youtube_cherez_android
скачать видео с ютуба через айфон,68,skachat_video_s_youtube_cherez_aifon
скачать видео с ютуба через ss,270,skachat_video_s_youtube_cherez_ss
скачать видео с ютуба через savefrom,83,skachat_video_s_youtube_cherez_savefrom
скачать видео с ютуба через documents,46,skachat_video_s_youtube_cherez_documents
скачать видео с ютуба хуавей ай 5,9,skachat_video_s_youtube_hyavei_ai_5
скачать видео с ютуба хорошего настроения,18,skachat_video_s_youtube_horoshego_nastroeniya
скачать видео с ютуба фулл хд,7,skachat_video_s_youtube_fyll_hd
скачать видео с ютуба фрост,34,skachat_video_s_youtube_frost
скачать видео с ютуба форум,49,skachat_video_s_youtube_forym
скачать видео с ютуба фнаф 4 приколы,8,skachat_video_s_youtube_fnaf_4_prikoly
скачать видео с ютуба флешмоб,55,skachat_video_s_youtube_fleshmob
скачать видео с ютуба флешмоб 2019,12,skachat_video_s_youtube_fleshmob_2019
скачать видео с ютуба уроки синема 4д,5,skachat_video_s_youtube_yroki_sinema_4d
скачать видео с ютуба укол зонтиком,29,skachat_video_s_youtube_ykol_zontikom
скачать видео с ютуба тубемате,9,skachat_video_s_youtube_tybemate
скачать видео с ютуба трум трум,28,skachat_video_s_youtube_trym_trym
скачать видео с ютуба торрент,306,skachat_video_s_youtube_torrent
скачать видео с ютуба телеканал ictv,14,skachat_video_s_youtube_telekanal_ictv
скачать видео с ютуба телеграмм,169,skachat_video_s_youtube_telegramm
скачать видео с ютуба танцы,753,skachat_video_s_youtube_tancy
скачать видео с ютуба стрим,19,skachat_video_s_youtube_strim
скачать видео с ютуба страшилки,15,skachat_video_s_youtube_strashilki
скачать видео с ютуба стас михайлов,21,skachat_video_s_youtube_stas_mihailov
скачать видео с ютуба стандофф 2,8,skachat_video_s_youtube_standoff_2
скачать видео с ютуба сталкер,49,skachat_video_s_youtube_stalker
скачать видео с ютуба спокойной ночи,26,skachat_video_s_youtube_spokoinoi_nochi
скачать видео с ютуба солярий спа спа,11,skachat_video_s_youtube_solyarii_spa_spa
скачать видео с ютуба со звуком,260,skachat_video_s_youtube_so_zvykom
скачать видео с ютуба смешивание слаймов,5,skachat_video_s_youtube_smeshivanie_slaimov
скачать видео с ютуба смехуярики часы,6,skachat_video_s_youtube_smehyyariki_chasy
скачать видео с ютуба следствие вели,12,skachat_video_s_youtube_sledstvie_veli
скачать видео с ютуба скачатьвидеосютуба рф,510,skachat_video_s_youtube_youtube_rf
скачать видео с ютуба сердцеедка,5,skachat_video_s_youtube_serdceedka
скачать видео с ютуба секс,71,skachat_video_s_youtube_seks
скачать видео с ютуба сейв фром,28,skachat_video_s_youtube_seiv_from
скачать видео с ютуба сайт,918,skachat_video_s_youtube_sait
скачать видео с ютуба с субтитрами,438,skachat_video_s_youtube_s_sybtitrami
скачать видео с ютуба с субтитрами онлайн,15,skachat_video_s_youtube_s_sybtitrami_onlain
скачать видео с ютуба с субтитрами cc,6,skachat_video_s_youtube_s_sybtitrami_cc
скачать видео с ютуба с помощью ссылки,43,skachat_video_s_youtube_s_pomosczu_ssylki
скачать видео с ютуба с помощью ss,368,skachat_video_s_youtube_s_pomosczu_ss
скачать видео с ютуба с помощью savefrom,64,skachat_video_s_youtube_s_pomosczu_savefrom
скачать видео с ютуба с поиском,28,skachat_video_s_youtube_s_poiskom
скачать видео с ютуба с ограничением,25,skachat_video_s_youtube_s_ogranicheniem
скачать видео с ютуба с обрезкой,23,skachat_video_s_youtube_s_obrezkoi
скачать видео с ютуба с днем рождения,814,skachat_video_s_youtube_s_dnem_rojdeniya
скачать видео с ютуба с днем автомобилиста,27,skachat_video_s_youtube_s_dnem_avtomobilista
скачать видео с ютуба рф,859,skachat_video_s_youtube_rf
скачать видео с ютуба рф бесплатно,41,skachat_video_s_youtube_rf_besplatno
скачать видео с ютуба ручеек банд одесса,12,skachat_video_s_youtube_rycheek_band_odessa
скачать видео с ютуба российской федерации,12,skachat_video_s_youtube_rossiiskoi_federacii
скачать видео с ютуба роман флоки,41,skachat_video_s_youtube_roman_floki
скачать видео с ютуба риколит,10,skachat_video_s_youtube_rikolit
скачать видео с ютуба ред 21,18,skachat_video_s_youtube_red_21
скачать видео с ютуба расширение,1291,skachat_video_s_youtube_rasshirenie
скачать видео с ютуба расширение яндекс браузер,133,skachat_video_s_youtube_rasshirenie_yandeks_brayzer
скачать видео с ютуба расширение гугл хром,32,skachat_video_s_youtube_rasshirenie_gygl_hrom
скачать видео с ютуба расширение firefox,20,skachat_video_s_youtube_rasshirenie_firefox
скачать видео с ютуба раст,7,skachat_video_s_youtube_rast
скачать видео с ютуба пятница смешные,5,skachat_video_s_youtube_pyatnica_smeshnye
скачать видео с ютуба программа торрент,74,skachat_video_s_youtube_programma_torrent
скачать видео с ютуба программа ummy,39,skachat_video_s_youtube_programma_ummy
скачать видео с ютуба про рыбалку,12,skachat_video_s_youtube_pro_rybalky
скачать видео с ютуба про наркоманов,6,skachat_video_s_youtube_pro_narkomanov
скачать видео с ютуба про майнкрафт,36,skachat_video_s_youtube_pro_mainkraft
скачать видео с ютуба про майнкрафт компот,5,skachat_video_s_youtube_pro_mainkraft_kompot
скачать видео с ютуба про любовь,22,skachat_video_s_youtube_pro_lubov
скачать видео с ютуба приложение на пк,39,skachat_video_s_youtube_prilojenie_na_pk
скачать видео с ютуба приложение на андроид,642,skachat_video_s_youtube_prilojenie_na_android
скачать видео с ютуба приложение apk,6,skachat_video_s_youtube_prilojenie_apk
скачать видео с ютуба приколы разные бесплатно,16,skachat_video_s_youtube_prikoly_raznye_besplatno
скачать видео с ютуба пошагово,343,skachat_video_s_youtube_poshagovo
скачать видео с ютуба познаватель,12,skachat_video_s_youtube_poznavatel
скачать видео с ютуба поззи на андроид,12,skachat_video_s_youtube_pozzi_na_android
скачать видео с ютуба подруге,45,skachat_video_s_youtube_podryge
скачать видео с ютуба подозрительная сова,12,skachat_video_s_youtube_podozritelnaya_sova
скачать видео с ютуба по ссылке,10631,skachat_video_s_youtube_po_ssylke
скачать видео с ютуба по ссылке мрз,6,skachat_video_s_youtube_po_ssylke_mrz
скачать видео с ютуба по ссылке mp4,7,skachat_video_s_youtube_po_ssylke_mp4
скачать видео с ютуба по ссылке mp3,78,skachat_video_s_youtube_po_ssylke_mp3
скачать видео с ютуба по ссылке 1080,177,skachat_video_s_youtube_po_ssylke_1080
скачать видео с ютуба по поиску,9,skachat_video_s_youtube_po_poisky
скачать видео с ютуба по названию,60,skachat_video_s_youtube_po_nazvaniu
скачать видео с ютуба плей маркет,54,skachat_video_s_youtube_plei_market
скачать видео с ютуба платно,35,skachat_video_s_youtube_platno
скачать видео с ютуба плагин,243,skachat_video_s_youtube_plagin
скачать видео с ютуба плагин яндекс,28,skachat_video_s_youtube_plagin_yandeks
скачать видео с ютуба плагин хром,46,skachat_video_s_youtube_plagin_hrom
скачать видео с ютуба плагин firefox,7,skachat_video_s_youtube_plagin_firefox
скачать видео с ютуба песня про лягушку,6,skachat_video_s_youtube_pesnya_pro_lyagyshky
скачать видео с ютуба перед ссылкой,12,skachat_video_s_youtube_pered_ssylkoi
скачать видео с ютуба паша пэл,16,skachat_video_s_youtube_pasha_pel
скачать видео с ютуба официально,47,skachat_video_s_youtube_oficialno
скачать видео с ютуба определенный отрезок,8,skachat_video_s_youtube_opredelennyi_otrezok
скачать видео с ютуба оплодотворение,5,skachat_video_s_youtube_oplodotvorenie
скачать видео с ютуба опера,403,skachat_video_s_youtube_opera
скачать видео с ютуба онлайн,10797,skachat_video_s_youtube_onlain
скачать видео с ютуба онлайн футбол,12,skachat_video_s_youtube_onlain_fytbol
скачать видео с ютуба олеже,11,skachat_video_s_youtube_oleje
скачать видео с ютуба о спасательных плотах,18,skachat_video_s_youtube_o_spasatelnyh_plotah
скачать видео с ютуба о рыбалке бесплатно,11,skachat_video_s_youtube_o_rybalke_besplatno
скачать видео с ютуба новое,274,skachat_video_s_youtube_novoe
скачать видео с ютуба непета,18,skachat_video_s_youtube_nepeta
скачать видео с ютуба непета страшилки,12,skachat_video_s_youtube_nepeta_strashilki
скачать видео с ютуба некрос,11,skachat_video_s_youtube_nekros
скачать видео с ютуба народные песни,22,skachat_video_s_youtube_narodnye_pesni
скачать видео с ютуба напрямую,24,skachat_video_s_youtube_napryamyu
скачать видео с ютуба на флешку,785,skachat_video_s_youtube_na_fleshky
скачать видео с ютуба на телефон,47321,skachat_video_s_youtube_na_telefon
скачать видео с ютуба на телефон юлик,8,skachat_video_s_youtube_na_telefon_ulik
скачать видео с ютуба на телефон программа,3357,skachat_video_s_youtube_na_telefon_programma
скачать видео с ютуба на телефон приложение,389,skachat_video_s_youtube_na_telefon_prilojenie
скачать видео с ютуба на телефон онлайн,455,skachat_video_s_youtube_na_telefon_onlain
скачать видео с ютуба на телефон мп3,46,skachat_video_s_youtube_na_telefon_mp3
скачать видео с ютуба на телефон мармок,26,skachat_video_s_youtube_na_telefon_marmok
скачать видео с ютуба на телефон мадина,9,skachat_video_s_youtube_na_telefon_madina
скачать видео с ютуба на телефон айфон,484,skachat_video_s_youtube_na_telefon_aifon
скачать видео с ютуба на телефон mp3,39,skachat_video_s_youtube_na_telefon_mp3
скачать видео с ютуба на телефон moscatalogue,24,skachat_video_s_youtube_na_telefon_moscatalogue
скачать видео с ютуба на телефон iphone,145,skachat_video_s_youtube_na_telefon_iphone
скачать видео с ютуба на смартфон,519,skachat_video_s_youtube_na_smartfon
скачать видео с ютуба на пк бесплатно,38,skachat_video_s_youtube_na_pk_besplatno
скачать видео с ютуба на ноутбук бесплатно,200,skachat_video_s_youtube_na_noytbyk_besplatno
скачать видео с ютуба на мак ос,11,skachat_video_s_youtube_na_mak_os
скачать видео с ютуба на компьютер,19384,skachat_video_s_youtube_na_komputer
скачать видео с ютуба на компьютер онлайн,279,skachat_video_s_youtube_na_komputer_onlain
скачать видео с ютуба на виндовс,80,skachat_video_s_youtube_na_vindovs
скачать видео с ютуба на андроид,29421,skachat_video_s_youtube_na_android
скачать видео с ютуба на андроид онлайн,350,skachat_video_s_youtube_na_android_onlain
скачать видео с ютуба на андроид бесплатно,11540,skachat_video_s_youtube_na_android_besplatno
скачать видео с ютуба на айфон,4141,skachat_video_s_youtube_na_aifon
скачать видео с ютуба на айфон онлайн,18,skachat_video_s_youtube_na_aifon_onlain
скачать видео с ютуба на айфон бесплатно,686,skachat_video_s_youtube_na_aifon_besplatno
скачать видео с ютуба на айфон documents,57,skachat_video_s_youtube_na_aifon_documents
скачать видео с ютуба на айпад,186,skachat_video_s_youtube_na_aipad
скачать видео с ютуба на ipad,66,skachat_video_s_youtube_na_ipad
скачать видео с ютуба на 3,62,skachat_video_s_youtube_na_3
скачать видео с ютуба мультфильмы,142,skachat_video_s_youtube_myltfilmy
скачать видео с ютуба мрз,25,skachat_video_s_youtube_mrz
скачать видео с ютуба мр4,79,skachat_video_s_youtube_mr4
скачать видео с ютуба мр3,450,skachat_video_s_youtube_mr3
скачать видео с ютуба мпз,14,skachat_video_s_youtube_mpz
скачать видео с ютуба мп 3,27,skachat_video_s_youtube_mp_3
скачать видео с ютуба мост каталог,7,skachat_video_s_youtube_most_katalog
скачать видео с ютуба москотолог,7,skachat_video_s_youtube_moskotolog
скачать видео с ютуба москаталог точка нет,8,skachat_video_s_youtube_moskatalog_tochka_net
скачать видео с ютуба моргенштерн,9,skachat_video_s_youtube_morgenshtern
скачать видео с ютуба мозилла,18,skachat_video_s_youtube_mozilla
скачать видео с ютуба миссия 6 квантовый,11,skachat_video_s_youtube_missiya_6_kvantovyi
скачать видео с ютуба мирбис,8,skachat_video_s_youtube_mirbis
скачать видео с ютуба маша зум,23,skachat_video_s_youtube_masha_zym
скачать видео с ютуба мармок,95,skachat_video_s_youtube_marmok
скачать видео с ютуба мармок кс го,6,skachat_video_s_youtube_marmok_ks_go
скачать видео с ютуба маленький,54,skachat_video_s_youtube_malenkii
скачать видео с ютуба макс и лиза,57,skachat_video_s_youtube_maks_i_liza
скачать видео с ютуба любовью черепашки ниндзя,8,skachat_video_s_youtube_lubovu_cherepashki_nindzya
скачать видео с ютуба лунтик,31,skachat_video_s_youtube_lyntik
скачать видео с ютуба лови мой хедшот,6,skachat_video_s_youtube_lovi_moi_hedshot
скачать видео с ютуба лайфхаки,26,skachat_video_s_youtube_laifhaki
скачать видео с ютуба курган жека,5,skachat_video_s_youtube_kyrgan_jeka
скачать видео с ютуба куплинов,116,skachat_video_s_youtube_kyplinov
скачать видео с ютуба куплинов плей,32,skachat_video_s_youtube_kyplinov_plei
скачать видео с ютуба кс го,26,skachat_video_s_youtube_ks_go
скачать видео с ютуба концерты михаила де,6,skachat_video_s_youtube_koncerty_mihaila_de
скачать видео с ютуба конвертировать в mp3,9,skachat_video_s_youtube_konvertirovat_v_mp3
скачать видео с ютуба компот,38,skachat_video_s_youtube_kompot
скачать видео с ютуба команда,59,skachat_video_s_youtube_komanda
скачать видео с ютуба код,44,skachat_video_s_youtube_kod
скачать видео с ютуба кови,19,skachat_video_s_youtube_kovi
скачать видео с ютуба кнопкой,128,skachat_video_s_youtube_knopkoi
скачать видео с ютуба клип аниме,27,skachat_video_s_youtube_klip_anime
скачать видео с ютуба ким юнги,5,skachat_video_s_youtube_kim_ungi
скачать видео с ютуба квантум,42,skachat_video_s_youtube_kvantym
скачать видео с ютуба канала мария омг,5,skachat_video_s_youtube_kanala_mariya_omg
скачать видео с ютуба канала катя вадим,5,skachat_video_s_youtube_kanala_katya_vadim
скачать видео с ютуба канал бейзон,5,skachat_video_s_youtube_kanal_beizon
скачать видео с ютуба какие буквы,59,skachat_video_s_youtube_kakie_bykvy
скачать видео с ютуба инструкция,49,skachat_video_s_youtube_instrykciya
скачать видео с ютуба игры,174,skachat_video_s_youtube_igry
скачать видео с ютуба ивангай,10,skachat_video_s_youtube_ivangai
скачать видео с ютуба и ютуб видеохостинг,5,skachat_video_s_youtube_i_youtube_videohosting
скачать видео с ютуба и вконтакте,111,skachat_video_s_youtube_i_vkontakte
скачать видео с ютуба и вк бесплатно,65,skachat_video_s_youtube_i_vk_besplatno
скачать видео с ютуба зомби против растений,17,skachat_video_s_youtube_zombi_protiv_rastenii
скачать видео с ютуба за секунду,59,skachat_video_s_youtube_za_sekyndy
скачать видео с ютуба железный человек,31,skachat_video_s_youtube_jeleznyi_chelovek
скачать видео с ютуба егор шип,22,skachat_video_s_youtube_egor_ship
скачать видео с ютуба евген бро,5,skachat_video_s_youtube_evgen_bro
скачать видео с ютуба дюмин о близких,7,skachat_video_s_youtube_dumin_o_blizkih
скачать видео с ютуба дрифт,20,skachat_video_s_youtube_drift
скачать видео с ютуба доброе утро,198,skachat_video_s_youtube_dobroe_ytro
скачать видео с ютуба доброе утро бесплатно,125,skachat_video_s_youtube_dobroe_ytro_besplatno
скачать видео с ютуба добавить буквы,15,skachat_video_s_youtube_dobavit_bykvy
скачать видео с ютуба добавить ss,34,skachat_video_s_youtube_dobavit_ss
скачать видео с ютуба для хрома,158,skachat_video_s_youtube_dlya_hroma
скачать видео с ютуба для статуса,6,skachat_video_s_youtube_dlya_statysa
скачать видео с ютуба для детей,341,skachat_video_s_youtube_dlya_detei
скачать видео с ютуба димас тв,14,skachat_video_s_youtube_dimas_tv
скачать видео с ютуба детские танцы,50,skachat_video_s_youtube_detskie_tancy
скачать видео с ютуба дети по малолетке,6,skachat_video_s_youtube_deti_po_maloletke
скачать видео с ютуба дед максим,9,skachat_video_s_youtube_ded_maksim
скачать видео с ютуба гуморист,7,skachat_video_s_youtube_gymorist
скачать видео с ютуба гта 5,46,skachat_video_s_youtube_gta_5
скачать видео с ютуба гражданская война,6,skachat_video_s_youtube_grajdanskaya_voina
скачать видео с ютуба гр рассвет любимому,6,skachat_video_s_youtube_gr_rassvet_lubimomy
скачать видео с ютуба голосовой помощник горшок,7,skachat_video_s_youtube_golosovoi_pomoscznik_gorshok
скачать видео с ютуба герои энвелла,58,skachat_video_s_youtube_geroi_envella
скачать видео с ютуба гача лайф,57,skachat_video_s_youtube_gacha_laif
скачать видео с ютуба ган 13,18,skachat_video_s_youtube_gan_13
скачать видео с ютуба галилео,10,skachat_video_s_youtube_galileo
скачать видео с ютуба высоцкий рок кавер,18,skachat_video_s_youtube_vysockii_rok_kaver
скачать видео с ютуба вставить букву s,5,skachat_video_s_youtube_vstavit_bykvy_s
скачать видео с ютуба вставить ss,72,skachat_video_s_youtube_vstavit_ss
скачать видео с ютуба вотч догс 2,14,skachat_video_s_youtube_votch_dogs_2
скачать видео с ютуба влад а4,16,skachat_video_s_youtube_vlad_a4
скачать видео с ютуба вк одноклассников,33,skachat_video_s_youtube_vk_odnoklassnikov
скачать видео с ютуба виндовс 10,88,skachat_video_s_youtube_vindovs_10
скачать видео с ютуба вики шоу,24,skachat_video_s_youtube_viki_shoy
скачать видео с ютуба видеоурок,34,skachat_video_s_youtube_videoyrok
скачать видео с ютуба ввести ss,21,skachat_video_s_youtube_vvesti_ss
скачать видео с ютуба в хорошем качестве,808,skachat_video_s_youtube_v_horoshem_kachestve
скачать видео с ютуба в формате,1110,skachat_video_s_youtube_v_formate
скачать видео с ютуба в формате мр3,19,skachat_video_s_youtube_v_formate_mr3
скачать видео с ютуба в формате мп3,190,skachat_video_s_youtube_v_formate_mp3
скачать видео с ютуба в формате webm,12,skachat_video_s_youtube_v_formate_webm
скачать видео с ютуба в формате ogv,6,skachat_video_s_youtube_v_formate_ogv
скачать видео с ютуба в формате mp4,42,skachat_video_s_youtube_v_formate_mp4
скачать видео с ютуба в режиме онлайн,12,skachat_video_s_youtube_v_rejime_onlain
скачать видео с ютуба в отличном качестве,8,skachat_video_s_youtube_v_otlichnom_kachestve
скачать видео с ютуба в мп4,119,skachat_video_s_youtube_v_mp4
скачать видео с ютуба в мп3,1476,skachat_video_s_youtube_v_mp3
скачать видео с ютуба в мп3 320,10,skachat_video_s_youtube_v_mp3_320
скачать видео с ютуба в максимальном качестве,14,skachat_video_s_youtube_v_maksimalnom_kachestve
скачать видео с ютуба в качестве,1241,skachat_video_s_youtube_v_kachestve
скачать видео с ютуба в качестве мп3,8,skachat_video_s_youtube_v_kachestve_mp3
скачать видео с ютуба в качестве 720,52,skachat_video_s_youtube_v_kachestve_720
скачать видео с ютуба в галерею,1070,skachat_video_s_youtube_v_galereu
скачать видео с ютуба в галерею бесплатно,538,skachat_video_s_youtube_v_galereu_besplatno
скачать видео с ютуба в высоком качестве,291,skachat_video_s_youtube_v_vysokom_kachestve
скачать видео с ютуба в виде мп3,5,skachat_video_s_youtube_v_vide_mp3
скачать видео с ютуба в аудио формате,24,skachat_video_s_youtube_v_aydio_formate
скачать видео с ютуба в wav,27,skachat_video_s_youtube_v_wav
скачать видео с ютуба в mp3,1205,skachat_video_s_youtube_v_mp3
скачать видео с ютуба в mp3 онлайн,69,skachat_video_s_youtube_v_mp3_onlain
скачать видео с ютуба в hd качестве,46,skachat_video_s_youtube_v_hd_kachestve
скачать видео с ютуба в 720p,19,skachat_video_s_youtube_v_720p
скачать видео с ютуба в 4к,111,skachat_video_s_youtube_v_4k
скачать видео с ютуба в 2к,5,skachat_video_s_youtube_v_2k
скачать видео с ютуба в 1080p,704,skachat_video_s_youtube_v_1080p
скачать видео с ютуба в 1080p онлайн,45,skachat_video_s_youtube_v_1080p_onlain
скачать видео с ютуба в 1080 p,16,skachat_video_s_youtube_v_1080_p
скачать видео с ютуба бэнтэн,9,skachat_video_s_youtube_benten
скачать видео с ютуба быстрые команды,6,skachat_video_s_youtube_bystrye_komandy
скачать видео с ютуба быстро и легко,18,skachat_video_s_youtube_bystro_i_legko
скачать видео с ютуба буквы,188,skachat_video_s_youtube_bykvy
скачать видео с ютуба буква s,34,skachat_video_s_youtube_bykva_s
скачать видео с ютуба бтс,37,skachat_video_s_youtube_bts
скачать видео с ютуба бот телеграмм,64,skachat_video_s_youtube_bot_telegramm
скачать видео с ютуба большого размера,11,skachat_video_s_youtube_bolshogo_razmera
скачать видео с ютуба боевики 2019,11,skachat_video_s_youtube_boeviki_2019
скачать видео с ютуба блэк пинк,6,skachat_video_s_youtube_blek_pink
скачать видео с ютуба битбокс уроки выпуск,7,skachat_video_s_youtube_bitboks_yroki_vypysk
скачать видео с ютуба биг крош тейп,5,skachat_video_s_youtube_big_krosh_teip
скачать видео с ютуба бет нуар,5,skachat_video_s_youtube_bet_nyar
скачать видео с ютуба бесплатно,65181,skachat_video_s_youtube_besplatno
скачать видео с ютуба бесплатно скачатьвидеосютуба рф,11,skachat_video_s_youtube_besplatno_youtube_rf
скачать видео с ютуба бесплатно регистрации,7734,skachat_video_s_youtube_besplatno_registracii
скачать видео с ютуба бесплатно приложение,571,skachat_video_s_youtube_besplatno_prilojenie
скачать видео с ютуба бесплатно онлайн,3897,skachat_video_s_youtube_besplatno_onlain
скачать видео с ютуба бесплатно на флешку,225,skachat_video_s_youtube_besplatno_na_fleshky
скачать видео с ютуба бесплатно майнкрафт,58,skachat_video_s_youtube_besplatno_mainkraft
скачать видео с ютуба бесплатно информационные технологии,7,skachat_video_s_youtube_besplatno_informacionnye_tehnologii
скачать видео с ютуба бесплатно за секунду,20,skachat_video_s_youtube_besplatno_za_sekyndy
скачать видео с ютуба бесплатно без ссылок,220,skachat_video_s_youtube_besplatno_bez_ssylok
скачать видео с ютуба бесплатно без программ,6871,skachat_video_s_youtube_besplatno_bez_programm
скачать видео с ютуба бери и делай,14,skachat_video_s_youtube_beri_i_delai
скачать видео с ютуба без,17373,skachat_video_s_youtube_bez
скачать видео с ютуба без установки,98,skachat_video_s_youtube_bez_ystanovki
скачать видео с ютуба без ссылки,463,skachat_video_s_youtube_bez_ssylki
скачать видео с ютуба без скачивания,82,skachat_video_s_youtube_bez_skachivaniya
скачать видео с ютуба без регистрации,8433,skachat_video_s_youtube_bez_registracii
скачать видео с ютуба без программ,7962,skachat_video_s_youtube_bez_programm
скачать видео с ютуба без приложения,79,skachat_video_s_youtube_bez_prilojeniya
скачать видео с ютуба без потери качества,55,skachat_video_s_youtube_bez_poteri_kachestva
скачать видео с ютуба без оегисптруит,5,skachat_video_s_youtube_bez_oegisptryit
скачать видео с ютуба без интернета,142,skachat_video_s_youtube_bez_interneta
скачать видео с ютуба без звука,84,skachat_video_s_youtube_bez_zvyka
скачать видео с ютуба без вирусов,416,skachat_video_s_youtube_bez_virysov
скачать видео с ютуба аццкий смех джеймсона,15,skachat_video_s_youtube_acckii_smeh_djeimsona
скачать видео с ютуба арина данилова,6,skachat_video_s_youtube_arina_danilova
скачать видео с ютуба аниме,105,skachat_video_s_youtube_anime
скачать видео с ютуба анимации,72,skachat_video_s_youtube_animacii
скачать видео с ютуба андроид 4pda,15,skachat_video_s_youtube_android_4pda
скачать видео с ютуба андрей ченд,10,skachat_video_s_youtube_andrei_chend
скачать видео с ютуба андертейл,17,skachat_video_s_youtube_anderteil
скачать видео с ютуба анастасия,17,skachat_video_s_youtube_anastasiya
скачать видео с ютуба александра кнута ольга,14,skachat_video_s_youtube_aleksandra_knyta_olga
скачать видео с ютуба аида,34,skachat_video_s_youtube_aida
скачать видео с ютуба ави,52,skachat_video_s_youtube_avi
скачать видео с ютуба а4,59,skachat_video_s_youtube_a4
скачать видео с ютуба а4 24 часа,8,skachat_video_s_youtube_a4_24_chasa
скачать видео с ютуба а змее похуй,9,skachat_video_s_youtube_a_zmee_pohyi
скачать видео с ютуба zakatoon,5,skachat_video_s_youtube_zakatoon
скачать видео с ютуба y,11,skachat_video_s_youtube_y
скачать видео с ютуба y2mate,35,skachat_video_s_youtube_y2mate
скачать видео с ютуба windows 10,19,skachat_video_s_youtube_windows_10
скачать видео с ютуба webm,38,skachat_video_s_youtube_webm
скачать видео с ютуба vs,45,skachat_video_s_youtube_vs
скачать видео с ютуба vk,18,skachat_video_s_youtube_vk
скачать видео с ютуба ummy,109,skachat_video_s_youtube_ummy
скачать видео с ютуба tubemate,22,skachat_video_s_youtube_tubemate
скачать видео с ютуба torrent magnet,10,skachat_video_s_youtube_torrent_magnet
скачать видео с ютуба tampermonkey,15,skachat_video_s_youtube_tampermonkey
скачать видео с ютуба ssyoutube,46,skachat_video_s_youtube_ssyoutube
скачать видео с ютуба savefrom,2141,skachat_video_s_youtube_savefrom
скачать видео с ютуба rytp лунтик,9,skachat_video_s_youtube_rytp_lyntik
скачать видео с ютуба ru,192,skachat_video_s_youtube_ru
скачать видео с ютуба opera,20,skachat_video_s_youtube_opera
скачать видео с ютуба online,16,skachat_video_s_youtube_online
скачать видео с ютуба nintendo switch консоль,5,skachat_video_s_youtube_nintendo_switch_konsol
скачать видео с ютуба mp4,302,skachat_video_s_youtube_mp4
скачать видео с ютуба mp3 бесплатно,73,skachat_video_s_youtube_mp3_besplatno
скачать видео с ютуба mp3 mp4,24,skachat_video_s_youtube_mp3_mp4
скачать видео с ютуба mp3 320,10,skachat_video_s_youtube_mp3_320
скачать видео с ютуба mozilla,14,skachat_video_s_youtube_mozilla
скачать видео с ютуба most catalogue,11,skachat_video_s_youtube_most_catalogue
скачать видео с ютуба moscatalogue,266,skachat_video_s_youtube_moscatalogue
скачать видео с ютуба moscatalogue net,24,skachat_video_s_youtube_moscatalogue_net
скачать видео с ютуба moscatalogue net mp4,10,skachat_video_s_youtube_moscatalogue_net_mp4
скачать видео с ютуба mobile,18,skachat_video_s_youtube_mobile
скачать видео с ютуба mmd,22,skachat_video_s_youtube_mmd
скачать видео с ютуба meme,69,skachat_video_s_youtube_meme
скачать видео с ютуба marshmallow alone official,6,skachat_video_s_youtube_marshmallow_alone_official
скачать видео с ютуба mac,53,skachat_video_s_youtube_mac
скачать видео с ютуба mac os,32,skachat_video_s_youtube_mac_os
скачать видео с ютуба like monster,8,skachat_video_s_youtube_like_monster
скачать видео с ютуба karrambaby,12,skachat_video_s_youtube_karrambaby
скачать видео с ютуба hd,344,skachat_video_s_youtube_hd
скачать видео с ютуба hd 1080p,45,skachat_video_s_youtube_hd_1080p
скачать видео с ютуба google chrome,87,skachat_video_s_youtube_google_chrome
скачать видео с ютуба getvideo,92,skachat_video_s_youtube_getvideo
скачать видео с ютуба full hd,79,skachat_video_s_youtube_full_hd
скачать видео с ютуба firefox,65,skachat_video_s_youtube_firefox
скачать видео с ютуба faithful lemonade,6,skachat_video_s_youtube_faithful_lemonade
скачать видео с ютуба download,53,skachat_video_s_youtube_download
скачать видео с ютуба dancin naruto edit,5,skachat_video_s_youtube_dancin_naruto_edit
скачать видео с ютуба countryhumans,25,skachat_video_s_youtube_countryhumans
скачать видео с ютуба chrome,129,skachat_video_s_youtube_chrome
скачать видео с ютуба chrome расширение,79,skachat_video_s_youtube_chrome_rasshirenie
скачать видео с ютуба censored,6,skachat_video_s_youtube_censored
скачать видео с ютуба bts,70,skachat_video_s_youtube_bts
скачать видео с ютуба app,12,skachat_video_s_youtube_app
скачать видео с ютуба apk,27,skachat_video_s_youtube_apk
скачать видео с ютуба amv,19,skachat_video_s_youtube_amv
скачать видео с ютуба 8к,13,skachat_video_s_youtube_8k
скачать видео с ютуба 720р,45,skachat_video_s_youtube_720r
скачать видео с ютуба 720р по ссылке,13,skachat_video_s_youtube_720r_po_ssylke
скачать видео с ютуба 60 fps,32,skachat_video_s_youtube_60_fps
скачать видео с ютуба 4пда,6,skachat_video_s_youtube_4pda
скачать видео с ютуба 4к онлайн,19,skachat_video_s_youtube_4k_onlain
скачать видео с ютуба 4pda,65,skachat_video_s_youtube_4pda
скачать видео с ютуба 4k,71,skachat_video_s_youtube_4k
скачать видео с ютуба 4k urban lite,11,skachat_video_s_youtube_4k_urban_lite
скачать видео с ютуба 480р,12,skachat_video_s_youtube_480r
скачать видео с ютуба 3gp,83,skachat_video_s_youtube_3gp
скачать видео с ютуба 240x320,6,skachat_video_s_youtube_240x320
скачать видео с ютуба 220,98,skachat_video_s_youtube_220
скачать видео с ютуба 2019 бесплатно,197,skachat_video_s_youtube_2019_besplatno
скачать видео с ютуба 2017,91,skachat_video_s_youtube_2017
скачать видео с ютуба 1080p 60fps,15,skachat_video_s_youtube_1080p_60fps
скачать видео с ютуба 1080 со звуком,157,skachat_video_s_youtube_1080_so_zvykom
скачать видео с ютуба 1080 60 fps,13,skachat_video_s_youtube_1080_60_fps
скачать видео с ютуб через программу,154,skachat_video_s_youtube_cherez_programmy
скачать видео с ютуб через код,23,skachat_video_s_youtube_cherez_kod
скачать видео с ютуб хочи мирзо,6,skachat_video_s_youtube_hochi_mirzo
скачать видео с ютуб установка,142,skachat_video_s_youtube_ystanovka
скачать видео с ютуб удушающий прием,11,skachat_video_s_youtube_ydyshausczii_priem
скачать видео с ютуб телеграм,84,skachat_video_s_youtube_telegram
скачать видео с ютуб сс,33,skachat_video_s_youtube_ss
скачать видео с ютуб серфинга,10,skachat_video_s_youtube_serfinga
скачать видео с ютуб по ссылке онлайн,1320,skachat_video_s_youtube_po_ssylke_onlain
скачать видео с ютуб онлайн 1080,135,skachat_video_s_youtube_onlain_1080
скачать видео с ютуб на телефон бесплатно,18762,skachat_video_s_youtube_na_telefon_besplatno
скачать видео с ютуб на телевизоре,18,skachat_video_s_youtube_na_televizore
скачать видео с ютуб канала фанни френдс,33,skachat_video_s_youtube_kanala_fanni_frends
скачать видео с ютуб дополнение для браузера,17,skachat_video_s_youtube_dopolnenie_dlya_brayzera
скачать видео с ютуб вк программа,180,skachat_video_s_youtube_vk_programma
скачать видео с ютуб в формате avi,174,skachat_video_s_youtube_v_formate_avi
скачать видео с ютуб в мп3 онлайн,39,skachat_video_s_youtube_v_mp3_onlain
скачать видео с ютуб в мзр,5,skachat_video_s_youtube_v_mzr
скачать видео с ютуб быстро бесплатно,319,skachat_video_s_youtube_bystro_besplatno
скачать видео с ютуб бесплатно без регистрации,7720,skachat_video_s_youtube_besplatno_bez_registracii
скачать видео с ютуб бесплатно 2019 ссылка,7,skachat_video_s_youtube_besplatno_2019_ssylka
скачать видео с ютуб анжела стиль жизни,7,skachat_video_s_youtube_anjela_stil_jizni
скачать видео с ютуб адресная строка,32,skachat_video_s_youtube_adresnaya_stroka
скачать видео с ютуб mos,10,skachat_video_s_youtube_mos
скачать видео с ютуб 320,42,skachat_video_s_youtube_320
скачать видео с ютуб 2mate,5,skachat_video_s_youtube_2mate
скачать видео с ютуб 2018,213,skachat_video_s_youtube_2018
скачать видео с контакта ютуб,189,skachat_video_s_kontakta_youtube
скачать видео с контакта ютуб и одноклассники,20,skachat_video_s_kontakta_youtube_i_odnoklassniki
скачать видео с интернета с ютуба,267,skachat_video_s_interneta_s_youtube
скачать видео с зайкой с ютуба,40,skachat_video_s_zaikoi_s_youtube
скачать видео с днем рождения ирина ютуб,19,skachat_video_s_dnem_rojdeniya_irina_youtube
скачать видео с вконтакта одноклассников ютуба,14,skachat_video_s_vkontakta_odnoklassnikov_youtube
скачать видео с youtube ютуба,518,skachat_video_s_youtube_youtube
скачать видео роликов с ютубе,115,skachat_video_rolikov_s_youtube
скачать видео про любовь с ютуб,26,skachat_video_pro_lubov_s_youtube
скачать видео приколы с ютуба,408,skachat_video_prikoly_s_youtube
скачать видео приколы с ютуба про,37,skachat_video_prikoly_s_youtube_pro
скачать видео приколы с ютуба бесплатно,142,skachat_video_prikoly_s_youtube_besplatno
скачать видео посылки с ютуба,69,skachat_video_posylki_s_youtube
скачать видео популярное с ютуб,120,skachat_video_popylyarnoe_s_youtube
скачать видео поздравления с ютуба,593,skachat_video_pozdravleniya_s_youtube
скачать видео поздравление с ютуб бесплатно,329,skachat_video_pozdravlenie_s_youtube_besplatno
скачать видео песен с ютуба бесплатно,489,skachat_video_pesen_s_youtube_besplatno
скачать видео на телефон с ютуба сайт,70,skachat_video_na_telefon_s_youtube_sait
скачать видео мультфильмы черепашки ниндзя с ютуба,5,skachat_video_myltfilmy_cherepashki_nindzya_s_youtube
скачать видео мультик с ютуба,144,skachat_video_myltik_s_youtube
скачать видео музыку с ютуба программа,236,skachat_video_myzyky_s_youtube_programma
скачать видео маши зум с ютуба,25,skachat_video_mashi_zym_s_youtube
скачать видео маша и медведь с ютуба,24,skachat_video_masha_i_medved_s_youtube
скачать видео куплинова с ютуба,17,skachat_video_kyplinova_s_youtube
скачать видео концерты с ютуба бесплатно,24,skachat_video_koncerty_s_youtube_besplatno
скачать видео компота с ютуба,26,skachat_video_kompota_s_youtube
скачать видео кобякова с ютуба,13,skachat_video_kobyakova_s_youtube
скачать видео кати адушкиной с ютуба,38,skachat_video_kati_adyshkinoi_s_youtube
скачать видео караоке с ютуба,79,skachat_video_karaoke_s_youtube
скачать видео к 4 ноября с ютуба,10,skachat_video_k_4_noyabrya_s_youtube
скачать видео и музыку с ютуба рф,16,skachat_video_i_myzyky_s_youtube_rf
скачать видео и аудио с ютуба бесплатно,12,skachat_video_i_aydio_s_youtube_besplatno
скачать видео заставку с ютуба,47,skachat_video_zastavky_s_youtube
скачать видео джо спина с ютуба бесплатно,10,skachat_video_djo_spina_s_youtube_besplatno
скачать видео в формате 3gp с ютуба,42,skachat_video_v_formate_3gp_s_youtube
скачать видео бригада с ютуба,7,skachat_video_brigada_s_youtube
скачать видео брайана с ютуба,45,skachat_video_braiana_s_youtube
скачать видео бесплатно с ютуба 1080,13,skachat_video_besplatno_s_youtube_1080
скачать видео бесплатно mp4 с ютуба,20,skachat_video_besplatno_mp4_s_youtube
скачать видео банд одесса с ютуба,56,skachat_video_band_odessa_s_youtube
скачать видео анекдоты с ютуб,9,skachat_video_anekdoty_s_youtube
скачать видео lovzarg v groznom с ютуба,10,skachat_video_lovzarg_v_groznom_s_youtube
скачать видео global fashion с ютуба,9,skachat_video_global_fashion_s_youtube
скачать видео downloader с ютуба,79,skachat_video_downloader_s_youtube
скачать видео ballet flats с ютуба,7,skachat_video_ballet_flats_s_youtube
скачать большое видео с ютуба,117,skachat_bolshoe_video_s_youtube
скачать бесплатно с ютуба видео клипы hd,11,skachat_besplatno_s_youtube_video_klipy_hd
скачать бесплатно с официального сайта ютуб видео,10,skachat_besplatno_s_oficialnogo_saita_youtube_video
скачать бесплатно музыкальное видео с ютуб,87,skachat_besplatno_myzykalnoe_video_s_youtube
скачать бесплатно видео с ютуба по названию,18,skachat_besplatno_video_s_youtube_po_nazvaniu
скачать бесплатно видео с ютуба мп3,43,skachat_besplatno_video_s_youtube_mp3
скачать бесплатно видео с ютуба моланг сборник,7,skachat_besplatno_video_s_youtube_molang_sbornik
скачать бесплатно видео с ютуба вулканы россии,5,skachat_besplatno_video_s_youtube_vylkany_rossii
скачать бесплатно видео с ютуба в мр3,65,skachat_besplatno_video_s_youtube_v_mr3
скачать бесплатно видео с контакта ютуба,26,skachat_besplatno_video_s_kontakta_youtube
скачать аудиодорожку с видео ютуб,13,skachat_aydiodorojky_s_video_youtube
скачать аудио с видео ютуб,800,skachat_aydio_s_video_youtube
скачать аудио с видео ютуб mp3,15,skachat_aydio_s_video_youtube_mp3
скачать аниме бакуган скачать видео с ютуба,5,skachat_anime_bakygan_skachat_video_s_youtube
скачать альбом видео с ютуба,37,skachat_albom_video_s_youtube
скачать абсолютно любое видео с ютуба,5,skachat_absolutno_luboe_video_s_youtube
скачать com видео с ютуба,211,skachat_com_video_s_youtube
скачать 7 видео с ютуба,262,skachat_7_video_s_youtube
скачать 4 к видео с ютуба,49,skachat_4_k_video_s_youtube
серебряный конь таура скачать видео с ютуба,13,serebryanyi_kon_tayra_skachat_video_s_youtube
сейфрум скачать видео с ютуба,12,seifrym_skachat_video_s_youtube
сейфром нет скачать видео с ютуба,324,seifrom_net_skachat_video_s_youtube
сейфом скачать видео с ютуба,410,seifom_skachat_video_s_youtube
сейф фром нет скачать с ютуба видео,294,seif_from_net_skachat_s_youtube_video
сейф рум скачать видео с ютуба,17,seif_rym_skachat_video_s_youtube
сафером скачать видео с ютуба,14,saferom_skachat_video_s_youtube
самый быстрый способ скачать видео с ютуба,12,samyi_bystryi_sposob_skachat_video_s_youtube
сайфром скачать видео с ютуба,93,saifrom_skachat_video_s_youtube
сайты скачать видео с ютуб бесплатно,79,saity_skachat_video_s_youtube_besplatno
сайты где можно скачать видео с ютуба,83,saity_gde_mojno_skachat_video_s_youtube
сайт чтоб скачать с ютуба видео,12,sait_chtob_skachat_s_youtube_video
сайт савефром скачать с ютуба видео,9,sait_savefrom_skachat_s_youtube_video
сайт где скачать видео с ютуба,101,sait_gde_skachat_video_s_youtube
саерфрон скачать видео с ютуба,7,saerfron_skachat_video_s_youtube
савефром скачать видео с ютуба,794,savefrom_skachat_video_s_youtube
савефром скачать видео с ютуба онлайн,9,savefrom_skachat_video_s_youtube_onlain
савефром скачать видео с ютуба на андроид,26,savefrom_skachat_video_s_youtube_na_android
савефром скачать видео с ютуба без установки,28,savefrom_skachat_video_s_youtube_bez_ystanovki
савефром нет скачать бесплатно видео с ютуба,23,savefrom_net_skachat_besplatno_video_s_youtube
с днем рождения вале видео скачать ютуб,14,s_dnem_rojdeniya_vale_video_skachat_youtube
расширение для оперы скачать видео с ютуба,122,rasshirenie_dlya_opery_skachat_video_s_youtube
расширение для гугла скачать видео с ютуба,34,rasshirenie_dlya_gygla_skachat_video_s_youtube
расширение для браузера скачать видео с ютуба,182,rasshirenie_dlya_brayzera_skachat_video_s_youtube
разрешение скачать видео с ютуба,44,razreshenie_skachat_video_s_youtube
простой способ скачать видео с ютуба,63,prostoi_sposob_skachat_video_s_youtube
программа чтоб скачать видео с ютуба,101,programma_chtob_skachat_video_s_youtube
программа скачивать видео с ютуба контакта,49,programma_skachivat_video_s_youtube_kontakta
программа скачивать видео с ютуба бесплатно,9735,programma_skachivat_video_s_youtube_besplatno
программа скачать видео с ютуба,17521,programma_skachat_video_s_youtube
программа скачать видео с ютуба на компьютер,2979,programma_skachat_video_s_youtube_na_komputer
программа скачать видео с ютуба на андроид,4169,programma_skachat_video_s_youtube_na_android
программа скачать видео с ютуба snaptube,5,programma_skachat_video_s_youtube_snaptube
программа позволяющая скачивать видео с ютуба,38,programma_pozvolyausczaya_skachivat_video_s_youtube
программа онлайн скачать с ютуба видео,1853,programma_onlain_skachat_s_youtube_video
програма скачать видео с ютуба,28,programa_skachat_video_s_youtube
прога чтоб скачать видео с ютуба,7,proga_chtob_skachat_video_s_youtube
прога скачать видео с ютуба,429,proga_skachat_video_s_youtube
прога скачать видео с ютуба бесплатно,169,proga_skachat_video_s_youtube_besplatno
приложение чтобы скачивать видео с ютуба,599,prilojenie_chtoby_skachivat_video_s_youtube
приложение чтоб скачать видео с ютуба,51,prilojenie_chtob_skachat_video_s_youtube
приложение скачать видео с ютуба,3698,prilojenie_skachat_video_s_youtube
приложение скачать видео с ютуба на компьютер,400,prilojenie_skachat_video_s_youtube_na_komputer
приложение скачать видео с ютуба на айфон,83,prilojenie_skachat_video_s_youtube_na_aifon
приложение которое позволяет скачивать видео с ютуба,9,prilojenie_kotoroe_pozvolyaet_skachivat_video_s_youtube
приложение где можно скачать видео с ютуба,50,prilojenie_gde_mojno_skachat_video_s_youtube
предложение чтобы скачивать видео с ютуба,9,predlojenie_chtoby_skachivat_video_s_youtube
почему теперь нельзя скачать видео с ютуба,7,pochemy_teper_nelzya_skachat_video_s_youtube
почему нельзя скачивать видео с ютуба,77,pochemy_nelzya_skachivat_video_s_youtube
почему невозможно скачать видео с ютуба,9,pochemy_nevozmojno_skachat_video_s_youtube
почему не удается скачать видео с ютуба,8,pochemy_ne_ydaetsya_skachat_video_s_youtube
почему не получается скачать видео с ютуба,36,pochemy_ne_polychaetsya_skachat_video_s_youtube
почему не могу скачать с ютуба видео,125,pochemy_ne_mogy_skachat_s_youtube_video
помощник скачать видео с ютуба,292,pomoscznik_skachat_video_s_youtube
плагин для оперы скачать видео с ютуб,24,plagin_dlya_opery_skachat_video_s_youtube
онлайн сервис скачать видео с ютуба,14,onlain_servis_skachat_video_s_youtube
обрезать и скачать видео с ютуба онлайн,83,obrezat_i_skachat_video_s_youtube_onlain
нужна программа скачать видео с ютуба,42,nyjna_programma_skachat_video_s_youtube
мы поможем вам скачать видео с ютуба,105,my_pomojem_vam_skachat_video_s_youtube
москаталог скачать видео с ютуба,897,moskatalog_skachat_video_s_youtube
москаталог скачать видео с ютуба бесплатно,724,moskatalog_skachat_video_s_youtube_besplatno
можно ли скачать видео с ютуба,793,mojno_li_skachat_video_s_youtube
мазила скачать видео с ютуба,43,mazila_skachat_video_s_youtube
лучшие способы скачать видео с ютуба,11,lychshie_sposoby_skachat_video_s_youtube
леди диана скачать видео с ютуба,38,ledi_diana_skachat_video_s_youtube
леди баг скачать видео с ютуба,51,ledi_bag_skachat_video_s_youtube
коты воители скачать с ютуба видео,21,koty_voiteli_skachat_s_youtube_video
клипхои фарходи кухкан видео скачать с ютуб,5,kliphoi_farhodi_kyhkan_video_skachat_s_youtube
клипи точик видео скачать с ютуб,7,klipi_tochik_video_skachat_s_youtube
катя адушкина скачать видео с ютуба бесплатно,16,katya_adyshkina_skachat_video_s_youtube_besplatno
какой программой скачать видео с ютуба,462,kakoi_programmoi_skachat_video_s_youtube
какой программой можно скачать видео с ютуба,186,kakoi_programmoi_mojno_skachat_video_s_youtube
каким сайтом скачать видео с ютуба,41,kakim_saitom_skachat_video_s_youtube
каким приложением скачивать видео с ютуба,381,kakim_prilojeniem_skachivat_video_s_youtube
какие скачать видео с ютуба,1207,kakie_skachat_video_s_youtube
какие видео можно скачивать с ютуба,421,kakie_video_mojno_skachivat_s_youtube
кака скачать видео с ютуба,280,kaka_skachat_video_s_youtube
кака скачать видео с ютуба на телефон,6,kaka_skachat_video_s_youtube_na_telefon
кака скачать видео с ютуба на компьютер,75,kaka_skachat_video_s_youtube_na_komputer
как установить скачать видео с ютуба,49,kak_ystanovit_skachat_video_s_youtube
как теперь скачивать видео с ютуба,17,kak_teper_skachivat_video_s_youtube
как скачивать видео с ютуба сразу,35,kak_skachivat_video_s_youtube_srazy
как скачв скачать видео с ютуб,35,kak_skachv_skachat_video_s_youtube
как скачать часть видео с ютуба,128,kak_skachat_chast_video_s_youtube
как скачать удаленное видео с ютуба,69,kak_skachat_ydalennoe_video_s_youtube
как скачать текст с видео с ютуба,18,kak_skachat_tekst_s_video_s_youtube
как скачать с ютуба много видео сразу,9,kak_skachat_s_youtube_mnogo_video_srazy
как скачать с ютуба видео бесплатно ss,1088,kak_skachat_s_youtube_video_besplatno_ss
как скачать расшифровку видео с ютуба,5,kak_skachat_rasshifrovky_video_s_youtube
как скачать понравившееся видео с ютуба,13,kak_skachat_ponravivsheesya_video_s_youtube
как скачать песню с ютуба без видео,33,kak_skachat_pesnu_s_youtube_bez_video
как скачать обрезок видео с ютуб,6,kak_skachat_obrezok_video_s_youtube
как скачать несколько видео с ютуба,32,kak_skachat_neskolko_video_s_youtube
как скачать несколько видео с ютуба одновременно,12,kak_skachat_neskolko_video_s_youtube_odnovremenno
как скачать недоступное видео с ютуба,13,kak_skachat_nedostypnoe_video_s_youtube
как скачать звук с видео ютуба,328,kak_skachat_zvyk_s_video_youtube
как скачать защищенное видео с ютуба,35,kak_skachat_zasczisczennoe_video_s_youtube
как скачать закрытое видео с ютуба,63,kak_skachat_zakrytoe_video_s_youtube
как скачать заблокированное видео с ютуба,61,kak_skachat_zablokirovannoe_video_s_youtube
как скачать видео уроки с ютуба,39,kak_skachat_video_yroki_s_youtube
как скачать видео с ютуба языке,10,kak_skachat_video_s_youtube_yazyke
как скачать видео с ютуба через телефон,127,kak_skachat_video_s_youtube_cherez_telefon
как скачать видео с ютуба через телеграмм,38,kak_skachat_video_s_youtube_cherez_telegramm
как скачать видео с ютуба через мазилу,8,kak_skachat_video_s_youtube_cherez_mazily
как скачать видео с ютуба через документ,22,kak_skachat_video_s_youtube_cherez_dokyment
как скачать видео с ютуба ссылкой ss,56,kak_skachat_video_s_youtube_ssylkoi_ss
как скачать видео с ютуба ссс,5,kak_skachat_video_s_youtube_sss
как скачать видео с ютуба премиум,45,kak_skachat_video_s_youtube_premiym
как скачать видео с ютуба на хонор,46,kak_skachat_video_s_youtube_na_honor
как скачать видео с ютуба на самсунг,85,kak_skachat_video_s_youtube_na_samsyng
как скачать видео с ютуба на планшет,461,kak_skachat_video_s_youtube_na_planshet
как скачать видео с ютуба на пк,439,kak_skachat_video_s_youtube_na_pk
как скачать видео с ютуба на ноутбуке,419,kak_skachat_video_s_youtube_na_noytbyke
как скачать видео с ютуба на макбук,63,kak_skachat_video_s_youtube_na_makbyk
как скачать видео с ютуба на компе,94,kak_skachat_video_s_youtube_na_kompe
как скачать видео с ютуба на иос,7,kak_skachat_video_s_youtube_na_ios
как скачать видео с ютуба на ватсап,48,kak_skachat_video_s_youtube_na_vatsap
как скачать видео с ютуба на macbook,9,kak_skachat_video_s_youtube_na_macbook
как скачать видео с ютуба на iphone,55,kak_skachat_video_s_youtube_na_iphone
как скачать видео с ютуба на ios,36,kak_skachat_video_s_youtube_na_ios
как скачать видео с ютуба майл,11,kak_skachat_video_s_youtube_mail
как скачать видео с ютуба которое удалили,8,kak_skachat_video_s_youtube_kotoroe_ydalili
как скачать видео с ютуба добавить,18,kak_skachat_video_s_youtube_dobavit
как скачать видео с ютуба в инстаграмм,28,kak_skachat_video_s_youtube_v_instagramm
как скачать видео с ютуба в safari,5,kak_skachat_video_s_youtube_v_safari
как скачать видео с ютуба в documents,13,kak_skachat_video_s_youtube_v_documents
как скачать видео с ютуба в avi,85,kak_skachat_video_s_youtube_v_avi
как скачать видео с ютуба без подписки,46,kak_skachat_video_s_youtube_bez_podpiski
как скачать видео с ютуба videoder,6,kak_skachat_video_s_youtube_videoder
как скачать видео с ютуба go,10,kak_skachat_video_s_youtube_go
как скачать видео с ютуба cc,9,kak_skachat_video_s_youtube_cc
как скачать видео с ютуба c ss,18,kak_skachat_video_s_youtube_c_ss
как скачать видео с ютуба 3526662,5,kak_skachat_video_s_youtube_3526662
как скачать видео с ютуба 2019,257,kak_skachat_video_s_youtube_2019
как скачать видео с ютуба 2019 год,27,kak_skachat_video_s_youtube_2019_god
как скачать видео с ютуб через ыы,6,kak_skachat_video_s_youtube_cherez_yy
как скачать видео с ютуб гоу,11,kak_skachat_video_s_youtube_goy
как скачать видео с мобильного ютуба,73,kak_skachat_video_s_mobilnogo_youtube
как скачать видео рецепт с ютуба,7,kak_skachat_video_recept_s_youtube
как скачать видео презентацию с ютуба,50,kak_skachat_video_prezentaciu_s_youtube
как скачать видео клип с ютуба,76,kak_skachat_video_klip_s_youtube
как сделать скачать видео с ютуба,210,kak_sdelat_skachat_video_s_youtube
как с ютуба скачать музыку без видео,273,kak_s_youtube_skachat_myzyky_bez_video
как с ютуба скачать видео в одноклассники,19,kak_s_youtube_skachat_video_v_odnoklassniki
как просто скачать видео с ютуба,111,kak_prosto_skachat_video_s_youtube
как правильно скачать видео с ютуба,50,kak_pravilno_skachat_video_s_youtube
как научиться скачивать видео с ютуба,10,kak_naychitsya_skachivat_video_s_youtube
как надо скачать видео с ютуба,33,kak_nado_skachat_video_s_youtube
как можно скачать видео с ютуба,524,kak_mojno_skachat_video_s_youtube
как можно скачать видео с ютуба бесплатно,71,kak_mojno_skachat_video_s_youtube_besplatno
как лучше скачать видео с ютуба,144,kak_lychshe_skachat_video_s_youtube
как легко скачать видео с ютуба,44,kak_legko_skachat_video_s_youtube
как в яндексе скачать видео с ютуба,289,kak_v_yandekse_skachat_video_s_youtube
как быстро скачать с ютуба видео ss,14,kak_bystro_skachat_s_youtube_video_ss
как быстро скачать видео с ютуба,449,kak_bystro_skachat_video_s_youtube
ка4 скачать видео с ютуба,33,ka4_skachat_video_s_youtube
ка4 скачать видео с ютуба на андроид,10,ka4_skachat_video_s_youtube_na_android
исмоилчон исмоилов 2019 скачать видео с ютуба,12,ismoilchon_ismoilov_2019_skachat_video_s_youtube
инспектор деррик скачать с ютуб видео,13,inspektor_derrik_skachat_s_youtube_video
зульфат габдуллин скачать видео с ютуба бесплатно,8,zylfat_gabdyllin_skachat_video_s_youtube_besplatno
загрузчик видео с ютуба скачать бесплатно,142,zagryzchik_video_s_youtube_skachat_besplatno
живой футбол скачать видео с ютуба,8,jivoi_fytbol_skachat_video_s_youtube
дополнение скачать видео с ютуба,86,dopolnenie_skachat_video_s_youtube
джет видео скачать с ютуба,171,djet_video_skachat_s_youtube
джет видео скачать с ютуба бесплатно,22,djet_video_skachat_s_youtube_besplatno
детские видео с ютуба скачать бесплатно,65,detskie_video_s_youtube_skachat_besplatno
гугл хром скачать видео с ютуба,130,gygl_hrom_skachat_video_s_youtube
гугл скачать видео с ютуба,225,gygl_skachat_video_s_youtube
гетвидео орг скачать видео с ютуб,33,getvideo_org_skachat_video_s_youtube
гет видео скачать с ютуба,645,get_video_skachat_s_youtube
гет видео скачать с ютуба и вк,5,get_video_skachat_s_youtube_i_vk
гет видео скачать бесплатно с ютуба,85,get_video_skachat_besplatno_s_youtube
гет видео орг скачать видео с ютуба,8,get_video_org_skachat_video_s_youtube
где хранится видео скачанное с ютуба,32,gde_hranitsya_video_skachannoe_s_youtube
где скачать бесплатно видео с ютуба,77,gde_skachat_besplatno_video_s_youtube
где найти скачанное видео с ютуба,38,gde_naiti_skachannoe_video_s_youtube
где лучше скачать видео с ютуба,9,gde_lychshe_skachat_video_s_youtube
вязание штанишек крючком скачать видео с ютуба,8,vyazanie_shtanishek_kruchkom_skachat_video_s_youtube
видео скачать с ютуба мухаммад маджид маджиди,18,video_skachat_s_youtube_myhammad_madjid_madjidi
видео скачать с ютуба бесплатно ибез регистрации,12,video_skachat_s_youtube_besplatno_ibez_registracii
видео с ютуба фильм эластико скачать,8,video_s_youtube_film_elastiko_skachat
видео с ютуба смотреть бесплатно скачать,511,video_s_youtube_smotret_besplatno_skachat
видео с ютуба скачать в 3pg,6,video_s_youtube_skachat_v_3pg
видео с билли блэнксом скачать в ютубе,6,video_s_billi_blenksom_skachat_v_youtube
видео программы завалинка скачать с ютуба,6,video_programmy_zavalinka_skachat_s_youtube
видео пигмалион на английском скачать с ютуба,5,video_pigmalion_na_angliiskom_skachat_s_youtube
видео открытка скачать с ютуба,94,video_otkrytka_skachat_s_youtube
видео животные скачать с ютуба,86,video_jivotnye_skachat_s_youtube
вид скачать видео с ютуба,51,vid_skachat_video_s_youtube
браузеры скачать видео с ютуба,798,brayzery_skachat_video_s_youtube
бот телеграм скачать видео с ютуб,42,bot_telegram_skachat_video_s_youtube
бот скачать видео с ютуб,155,bot_skachat_video_s_youtube
битва за москву скачать видео с ютуб,7,bitva_za_moskvy_skachat_video_s_youtube
бесплатно ли скачивать видео с ютуба,84,besplatno_li_skachivat_video_s_youtube
безопасно скачать видео с ютуба,174,bezopasno_skachat_video_s_youtube
ахлиддини фахриддин скачать видео с ютуба на,5,ahliddini_fahriddin_skachat_video_s_youtube_na
ахлиддини фахриддин 2019 видео скачать с ютуба,6,ahliddini_fahriddin_2019_video_skachat_s_youtube
ария джованни скачать видео с ютуба,6,ariya_djovanni_skachat_video_s_youtube
анихамстер стримы скачать видео с ютуба,7,anihamster_strimy_skachat_video_s_youtube
андроидмафия ру скачать видео с ютуба,12,androidmafiya_ry_skachat_video_s_youtube
андроид мафия скачать видео с ютуба,5,android_mafiya_skachat_video_s_youtube
y2mate com скачать видео с ютуба,24,y2mate_com_skachat_video_s_youtube
x скачать видео с ютуб,48,x_skachat_video_s_youtube
www скачать видео с ютуба,66,www_skachat_video_s_youtube
windows скачать видео с ютуба,52,windows_skachat_video_s_youtube
videosaver скачать видео с ютуба,23,videosaver_skachat_video_s_youtube
videosaver ru скачать видео с ютуба,14,videosaver_ru_skachat_video_s_youtube
v скачать видео с ютуба,90,v_skachat_video_s_youtube
v s mobi скачать видео с ютуба,24,v_s_mobi_skachat_video_s_youtube
steven скачать видео с ютуба,10,steven_skachat_video_s_youtube
sss скачать видео с ютуба,26,sss_skachat_video_s_youtube
savefrom скачать видео с ютуба онлайн,35,savefrom_skachat_video_s_youtube_onlain
savefrom скачать видео с ютуба на телефон,80,savefrom_skachat_video_s_youtube_na_telefon
savefrom net скачать видео с ютуба,1572,savefrom_net_skachat_video_s_youtube
savefrom net скачать видео с ютуба онлайн,25,savefrom_net_skachat_video_s_youtube_onlain
savefrom net онлайн скачать видео с ютуба,28,savefrom_net_onlain_skachat_video_s_youtube
saferoom скачать видео с ютуба,10,saferoom_skachat_video_s_youtube
safe скачать видео с ютуб,15,safe_skachat_video_s_youtube
ru savefrom net скачать с ютуба видео,53,ru_savefrom_net_skachat_s_youtube_video
moscatalogue ru скачать видео бесплатно с ютуба,23,moscatalogue_ru_skachat_video_besplatno_s_youtube
keepvid скачать видео с ютуб,15,keepvid_skachat_video_s_youtube
k tigers скачать видео с ютуба,18,k_tigers_skachat_video_s_youtube
imran khan satisfya видео скачать с ютуба,13,imran_khan_satisfya_video_skachat_s_youtube
https скачать видео с ютуба,493,https_skachat_video_s_youtube
https скачать видео с ютуба бесплатно,28,https_skachat_video_s_youtube_besplatno
cetvideo com скачать видео с ютуба,12,cetvideo_com_skachat_video_s_youtube
c скачать видео с ютуба,220,c_skachat_video_s_youtube
asmr рейх видео с ютуба скачать бесплатно,5,asmr_reih_video_s_youtube_skachat_besplatno
anime omorashi games видео с ютуба скачать,5,anime_omorashi_games_video_s_youtube_skachat
5 способов скачать видео с ютуба,23,5_sposobov_skachat_video_s_youtube
220 вольт скачать видео с ютуба,10,220_volt_skachat_video_s_youtube
200 скачать видео с ютуба,10,200_skachat_video_s_youtube
2 уха скачать бесплатно видео с ютуба,5,2_yha_skachat_besplatno_video_s_youtube
1 как скачать видео с ютуба,31,1_kak_skachat_video_s_youtube
смотреть как скачать видео с ютуба,97,smotret_kak_skachat_video_s_youtube
программа как скачать с ютуба видео бесплатно,4716,programma_kak_skachat_s_youtube_video_besplatno
как скачивать видео с ютуба на компьютер,17318,kak_skachivat_video_s_youtube_na_komputer
как скачивать видео с ютуба в 1080,153,kak_skachivat_video_s_youtube_v_1080
как скачивать видео прямо с ютуба,20,kak_skachivat_video_pryamo_s_youtube
как скачать чужое видео с ютуба,7,kak_skachat_chyjoe_video_s_youtube
как скачать через торрент видео с ютуба,41,kak_skachat_cherez_torrent_video_s_youtube
как скачать фрагмент видео с ютуба,64,kak_skachat_fragment_video_s_youtube
как скачать фильм с ютуба видео,60,kak_skachat_film_s_youtube_video
как скачать сохранить видео с ютуба,375,kak_skachat_sohranit_video_s_youtube
как скачать с ютуба ограниченное видео,72,kak_skachat_s_youtube_ogranichennoe_video
как скачать с ютуба звук без видео,43,kak_skachat_s_youtube_zvyk_bez_video
как скачать с ютуба видео на телефон,20475,kak_skachat_s_youtube_video_na_telefon
как скачать превью видео с ютуба,23,kak_skachat_prevu_video_s_youtube
как скачать платное видео с ютуба,10,kak_skachat_platnoe_video_s_youtube
как скачать песню из видео с ютуба,37,kak_skachat_pesnu_iz_video_s_youtube
как скачать отрывок видео с ютуба,32,kak_skachat_otryvok_video_s_youtube
как скачать отрезок видео с ютуба,27,kak_skachat_otrezok_video_s_youtube
как скачать обложку с видео на ютубе,9,kak_skachat_oblojky_s_video_na_youtube
как скачать музыку с видео на ютубе,160,kak_skachat_myzyky_s_video_na_youtube
как скачать мрз ютуба с видео,6,kak_skachat_mrz_youtube_s_video
как скачать любое видео с ютуба,66,kak_skachat_luboe_video_s_youtube
как скачать кусок видео с ютуба,15,kak_skachat_kysok_video_s_youtube
как скачать картинку с ютуб видео,29,kak_skachat_kartinky_s_youtube_video
как скачать и обрезать видео с ютуба,88,kak_skachat_i_obrezat_video_s_youtube
как скачать запрещенное видео с ютуба,15,kak_skachat_zapresczennoe_video_s_youtube
как скачать видео с ютуба яндекс браузер,249,kak_skachat_video_s_youtube_yandeks_brayzer
как скачать видео с ютуба через ссылку,68,kak_skachat_video_s_youtube_cherez_ssylky
как скачать видео с ютуба через браузер,194,kak_skachat_video_s_youtube_cherez_brayzer
как скачать видео с ютуба через ss,219,kak_skachat_video_s_youtube_cherez_ss
как скачать видео с ютуба фото,18,kak_skachat_video_s_youtube_foto
как скачать видео с ютуба форум,19,kak_skachat_video_s_youtube_forym
как скачать видео с ютуба фаерфокс,14,kak_skachat_video_s_youtube_faerfoks
как скачать видео с ютуба торрент,60,kak_skachat_video_s_youtube_torrent
как скачать видео с ютуба телеграмм,60,kak_skachat_video_s_youtube_telegramm
как скачать видео с ютуба способы,60,kak_skachat_video_s_youtube_sposoby
как скачать видео с ютуба со звуком,156,kak_skachat_video_s_youtube_so_zvykom
как скачать видео с ютуба сайт,124,kak_skachat_video_s_youtube_sait
как скачать видео с ютуба савефром,35,kak_skachat_video_s_youtube_savefrom
как скачать видео с ютуба расширение,82,kak_skachat_video_s_youtube_rasshirenie
как скачать видео с ютуба программа,5497,kak_skachat_video_s_youtube_programma
как скачать видео с ютуба приложение,299,kak_skachat_video_s_youtube_prilojenie
как скачать видео с ютуба пошагово,334,kak_skachat_video_s_youtube_poshagovo
как скачать видео с ютуба плейлистом,28,kak_skachat_video_s_youtube_pleilistom
как скачать видео с ютуба отзывы,13,kak_skachat_video_s_youtube_otzyvy
как скачать видео с ютуба онлайн,544,kak_skachat_video_s_youtube_onlain
как скачать видео с ютуба онлайн бесплатно,326,kak_skachat_video_s_youtube_onlain_besplatno
как скачать видео с ютуба напрямую,16,kak_skachat_video_s_youtube_napryamyu
как скачать видео с ютуба на галерею,735,kak_skachat_video_s_youtube_na_galereu
как скачать видео с ютуба на вконтакте,6,kak_skachat_video_s_youtube_na_vkontakte
как скачать видео с ютуба на андроиде,14453,kak_skachat_video_s_youtube_na_androide
как скачать видео с ютуба на ipad,41,kak_skachat_video_s_youtube_na_ipad
как скачать видео с ютуба мр3,10,kak_skachat_video_s_youtube_mr3
как скачать видео с ютуба мп3,106,kak_skachat_video_s_youtube_mp3
как скачать видео с ютуба мозилла,7,kak_skachat_video_s_youtube_mozilla
как скачать видео с ютуба майнкрафт,15,kak_skachat_video_s_youtube_mainkraft
как скачать видео с ютуба линукс,19,kak_skachat_video_s_youtube_linyks
как скачать видео с ютуба видеоурок,23,kak_skachat_video_s_youtube_videoyrok
как скачать видео с ютуба в опере,42,kak_skachat_video_s_youtube_v_opere
как скачать видео с ютуба в мозиле,20,kak_skachat_video_s_youtube_v_mozile
как скачать видео с ютуба в webm,12,kak_skachat_video_s_youtube_v_webm
как скачать видео с ютуба в mp3,244,kak_skachat_video_s_youtube_v_mp3
как скачать видео с ютуба буквы,69,kak_skachat_video_s_youtube_bykvy
как скачать видео с ютуба безопасно,157,kak_skachat_video_s_youtube_bezopasno
как скачать видео с ютуба без регистрации,1057,kak_skachat_video_s_youtube_bez_registracii
как скачать видео с ютуба ssyoutube,16,kak_skachat_video_s_youtube_ssyoutube
как скачать видео с ютуба savefrom,111,kak_skachat_video_s_youtube_savefrom
как скачать видео с ютуба getvideo,13,kak_skachat_video_s_youtube_getvideo
как скачать видео с ютуба firefox,12,kak_skachat_video_s_youtube_firefox
как скачать видео с ютуба com,36,kak_skachat_video_s_youtube_com
как скачать видео с ютуба chrome,17,kak_skachat_video_s_youtube_chrome
как скачать видео с ютуба android,27,kak_skachat_video_s_youtube_android
как скачать видео с ютуба 7,97,kak_skachat_video_s_youtube_7
как скачать видео с ютуба 720,19,kak_skachat_video_s_youtube_720
как скачать видео с ютуба 4k,24,kak_skachat_video_s_youtube_4k
как скачать видео с ютуба 3gp,16,kak_skachat_video_s_youtube_3gp
как скачать видео с ютуба 220,18,kak_skachat_video_s_youtube_220
как скачать видео с ютуба 1080p,62,kak_skachat_video_s_youtube_1080p
как скачать видео с ютуб сс,18,kak_skachat_video_s_youtube_ss
как скачать видео с ютуб по ссылке,184,kak_skachat_video_s_youtube_po_ssylke
как скачать видео с ютуб плагин,17,kak_skachat_video_s_youtube_plagin
как скачать видео с ютуб на айфон,3036,kak_skachat_video_s_youtube_na_aifon
как скачать видео с ютуб канала,147,kak_skachat_video_s_youtube_kanala
как скачать видео с ютуб браузер,375,kak_skachat_video_s_youtube_brayzer
как скачать видео с ютуб без программ,5047,kak_skachat_video_s_youtube_bez_programm
как скачать видео с ютуб sss,17,kak_skachat_video_s_youtube_sss
как скачать видео с контакта ютуб,50,kak_skachat_video_s_kontakta_youtube
как скачать видео с вк ютуб,147,kak_skachat_video_s_vk_youtube
как скачать видео с youtube ютуб,71,kak_skachat_video_s_youtube_youtube
как скачать видео ролики с ютуба,41,kak_skachat_video_roliki_s_youtube
как скачать видео поздравление с ютуба,46,kak_skachat_video_pozdravlenie_s_youtube
как скачать видео на айпад с ютуба,146,kak_skachat_video_na_aipad_s_youtube
как скачать видео из ютуба с субтитрами,17,kak_skachat_video_iz_youtube_s_sybtitrami
как скачать аудио с видео ютуба,114,kak_skachat_aydio_s_video_youtube
как скачать hd видео с ютуба,76,kak_skachat_hd_video_s_youtube
как скачать 4к видео с ютуба,81,kak_skachat_4k_video_s_youtube
как скачать 4 к видео с ютуба,17,kak_skachat_4_k_video_s_youtube
как с ютуба скачать аудио без видео,27,kak_s_youtube_skachat_aydio_bez_video
как нужно скачать видео с ютуба,36,kak_nyjno_skachat_video_s_youtube
как называется приложение скачать видео с ютуба,30,kak_nazyvaetsya_prilojenie_skachat_video_s_youtube
как на смартфоне скачать видео с ютуба,435,kak_na_smartfone_skachat_video_s_youtube
как видео с ютуба скачать на флешку,699,kak_video_s_youtube_skachat_na_fleshky
как в хроме скачать видео с ютуба,50,kak_v_hrome_skachat_video_s_youtube
инструкция как скачать видео с ютуба,41,instrykciya_kak_skachat_video_s_youtube
гугл как скачать видео с ютуба,114,gygl_kak_skachat_video_s_youtube
